<?xml version="1.0" encoding="UTF-8"?>
<project-private xmlns="http://www.netbeans.org/ns/project-private/1">
    <editor-bookmarks xmlns="http://www.netbeans.org/ns/editor-bookmarks/2" lastBookmarkId="0"/>
    <open-files xmlns="http://www.netbeans.org/ns/projectui-open-files/2">
        <group>
            <file>file:/C:/xampp/htdocs/organs/doctor_home.php</file>
            <file>file:/C:/xampp/htdocs/organs/login.php</file>
            <file>file:/C:/xampp/htdocs/organs/index.php</file>
            <file>file:/C:/xampp/htdocs/organs/user_profile.php</file>
            <file>file:/C:/xampp/htdocs/organs/components/header.php</file>
            <file>file:/C:/xampp/htdocs/organs/userhome.php</file>
            <file>file:/C:/xampp/htdocs/organs/components/nav/user_nav.php</file>
        </group>
    </open-files>
</project-private>
